<?xml version="1.0"?>
<data grt_format="2.0">
  <value _ptr_="0x600001a67a80" type="list" content-type="object" content-struct-name="db.mgmt.Connection">
    <value type="object" struct-name="db.mgmt.Connection" id="228EF6AB-183E-4ED8-9E13-C7D818EE076C" struct-checksum="0x96ba47d8">
      <link type="object" struct-name="db.mgmt.Driver" key="driver">com.mysql.rdbms.mysql.driver.native</link>
      <value type="string" key="hostIdentifier">Mysql@localhost:3306</value>
      <value type="int" key="isDefault">1</value>
      <value _ptr_="0x600001ad08a0" type="dict" key="modules"/>
      <value _ptr_="0x600001ad1f80" type="dict" key="parameterValues">
        <value type="string" key="SQL_MODE"></value>
        <value type="string" key="hostName">localhost</value>
        <value type="int" key="lastConnected">1696345393</value>
        <value type="string" key="password"></value>
        <value type="int" key="port">3306</value>
        <value type="string" key="serverVersion"></value>
        <value type="string" key="sslCA"></value>
        <value type="string" key="sslCert"></value>
        <value type="string" key="sslCipher"></value>
        <value type="string" key="sslKey"></value>
        <value type="int" key="useSSL">1</value>
        <value type="string" key="userName">root</value>
      </value>
      <value type="string" key="name">apiREST</value>
      <link type="object" struct-name="GrtObject" key="owner">F92F4752-25F4-4C64-B1A6-2D2F97ED8BC4</link>
    </value>
  </value>
</data>
