<?xml version="1.0"?>
<data grt_format="2.0">
  <value _ptr_="0x600003f63d80" type="list" content-type="object" content-struct-name="db.mgmt.ServerInstance">
    <value type="object" struct-name="db.mgmt.ServerInstance" id="3629F2F3-79FE-4EEE-AD56-6423B8162986" struct-checksum="0x367436e2">
      <link type="object" struct-name="db.mgmt.Connection" key="connection">228EF6AB-183E-4ED8-9E13-C7D818EE076C</link>
      <value _ptr_="0x600003fe00c0" type="dict" key="loginInfo">
        <value type="string" key="ssh.hostName"></value>
        <value type="string" key="ssh.key">~/.ssh/ssh_private_key</value>
        <value type="string" key="ssh.localPort">3306</value>
        <value type="int" key="ssh.useKey">0</value>
        <value type="string" key="ssh.userName">mysql</value>
      </value>
      <value _ptr_="0x600003fe0d80" type="dict" key="serverInfo">
        <value type="int" key="setupPending">0</value>
        <value type="string" key="sys.sudo"></value>
      </value>
      <value type="string" key="name">apiREST</value>
    </value>
  </value>
</data>
